{"cameraMode":{"drawMode":0,"name":"Shaded","section":"Shading Mode"},"sceneLighting":false,"audioPlay":false,"sceneViewState":{"m_AlwaysRefresh":false,"showFog":true,"showSkybox":false,"showFlares":true,"showImageEffects":true,"showParticleSystems":true,"showVisualEffectGraphs":true,"m_FxEnabled":true},"in2DMode":false,"pivot":{"x":-5.347862243652344,"y":-1.229821801185608,"z":-10.514657020568848},"rotation":{"x":-0.031189192086458207,"y":0.6626745462417603,"z":0.027647672221064569,"w":0.7477900981903076},"size":3.769502639770508,"orthographic":true}