{"cameraMode":{"drawMode":0,"name":"Shaded","section":"Shading Mode"},"sceneLighting":false,"audioPlay":false,"sceneViewState":{"m_AlwaysRefresh":false,"showFog":true,"showSkybox":false,"showFlares":true,"showImageEffects":true,"showParticleSystems":true,"showVisualEffectGraphs":true,"m_FxEnabled":true},"in2DMode":false,"pivot":{"x":6.3239240646362309,"y":-0.007906198501586914,"z":-11.139416694641114},"rotation":{"x":-0.016869956627488138,"y":0.6726342439651489,"z":-0.015350808389484883,"w":-0.7396718263626099},"size":1.5314637422561646,"orthographic":true}