{"cameraMode":{"drawMode":0,"name":"Shaded","section":"Shading Mode"},"sceneLighting":false,"audioPlay":false,"sceneViewState":{"m_AlwaysRefresh":false,"showFog":true,"showSkybox":false,"showFlares":true,"showImageEffects":true,"showParticleSystems":true,"showVisualEffectGraphs":true,"m_FxEnabled":true},"in2DMode":false,"pivot":{"x":-0.08942729234695435,"y":-1.639479398727417,"z":0.00179293192923069},"rotation":{"x":0.2156141847372055,"y":0.06500484049320221,"z":-0.014378555119037629,"w":0.9742112159729004},"size":4.815108299255371,"orthographic":true}