{"cameraMode":{"drawMode":0,"name":"Shaded","section":"Shading Mode"},"sceneLighting":false,"audioPlay":false,"sceneViewState":{"m_AlwaysRefresh":false,"showFog":true,"showSkybox":false,"showFlares":true,"showImageEffects":true,"showParticleSystems":true,"showVisualEffectGraphs":true,"m_FxEnabled":true},"in2DMode":false,"pivot":{"x":-7.299973964691162,"y":0.9406346082687378,"z":6.668756484985352},"rotation":{"x":0.018970251083374025,"y":0.4555669128894806,"z":-0.009704637341201306,"w":0.8899475932121277},"size":7.500728130340576,"orthographic":true}