{"cameraMode":{"drawMode":0,"name":"Shaded","section":"Shading Mode"},"sceneLighting":false,"audioPlay":false,"sceneViewState":{"m_AlwaysRefresh":false,"showFog":true,"showSkybox":false,"showFlares":true,"showImageEffects":true,"showParticleSystems":true,"showVisualEffectGraphs":true,"m_FxEnabled":true},"in2DMode":false,"pivot":{"x":11.617233276367188,"y":-1.1256558895111085,"z":-23.493350982666017},"rotation":{"x":0.0063094692304730419,"y":-0.008373687043786049,"z":0.000050282942538615316,"w":0.9999747276306152},"size":2.876816749572754,"orthographic":true}