{"cameraMode":{"drawMode":0,"name":"Shaded","section":"Shading Mode"},"sceneLighting":false,"audioPlay":false,"sceneViewState":{"m_AlwaysRefresh":false,"showFog":true,"showSkybox":false,"showFlares":true,"showImageEffects":true,"showParticleSystems":true,"showVisualEffectGraphs":true,"m_FxEnabled":true},"in2DMode":false,"pivot":{"x":-0.557774007320404,"y":-0.0589403435587883,"z":2.003385543823242},"rotation":{"x":0.04188863933086395,"y":0.3800782859325409,"z":-0.017230061814188958,"w":0.9238268136978149},"size":0.4598952829837799,"orthographic":false}