{"cameraMode":{"drawMode":0,"name":"Shaded","section":"Shading Mode"},"sceneLighting":false,"audioPlay":false,"sceneViewState":{"m_AlwaysRefresh":false,"showFog":true,"showSkybox":false,"showFlares":true,"showImageEffects":true,"showParticleSystems":true,"showVisualEffectGraphs":true,"m_FxEnabled":true},"in2DMode":false,"pivot":{"x":-0.021823544055223466,"y":0.0015348494052886963,"z":2.0852766036987306},"rotation":{"x":-0.011480452492833138,"y":-0.9690814018249512,"z":0.24209702014923097,"w":-0.04596373066306114},"size":0.36583781242370608,"orthographic":false}