{"cameraMode":{"drawMode":0,"name":"Shaded","section":"Shading Mode"},"sceneLighting":false,"audioPlay":false,"sceneViewState":{"m_AlwaysRefresh":false,"showFog":true,"showSkybox":false,"showFlares":true,"showImageEffects":true,"showParticleSystems":true,"showVisualEffectGraphs":true,"m_FxEnabled":true},"in2DMode":false,"pivot":{"x":7.046690464019775,"y":0.017407715320587159,"z":8.916950225830079},"rotation":{"x":-0.00003159204061375931,"y":0.9999690651893616,"z":-0.010810067877173424,"w":-0.0033294185996055605},"size":2.7025063037872316,"orthographic":true}