{"cameraMode":{"drawMode":0,"name":"Shaded","section":"Shading Mode"},"sceneLighting":false,"audioPlay":false,"sceneViewState":{"m_AlwaysRefresh":false,"showFog":true,"showSkybox":false,"showFlares":true,"showImageEffects":true,"showParticleSystems":true,"showVisualEffectGraphs":true,"m_FxEnabled":true},"in2DMode":false,"pivot":{"x":-2.6886961460113527,"y":1.6139655113220215,"z":11.365793228149414},"rotation":{"x":0.12893131375312806,"y":-0.35082390904426577,"z":0.048838961869478229,"w":0.9262530207633972},"size":8.5775146484375,"orthographic":true}