{"cameraMode":{"drawMode":0,"name":"Shaded","section":"Shading Mode"},"sceneLighting":false,"audioPlay":false,"sceneViewState":{"m_AlwaysRefresh":false,"showFog":true,"showSkybox":false,"showFlares":true,"showImageEffects":true,"showParticleSystems":true,"showVisualEffectGraphs":true,"m_FxEnabled":true},"in2DMode":false,"pivot":{"x":0.9057016968727112,"y":0.2111319899559021,"z":0.8457241058349609},"rotation":{"x":0.030347244814038278,"y":-0.7202601432800293,"z":0.03157684952020645,"w":0.6922990679740906},"size":0.4338948726654053,"orthographic":false}