{"cameraMode":{"drawMode":0,"name":"Shaded","section":"Shading Mode"},"sceneLighting":false,"audioPlay":false,"sceneViewState":{"m_AlwaysRefresh":false,"showFog":true,"showSkybox":false,"showFlares":true,"showImageEffects":true,"showParticleSystems":true,"showVisualEffectGraphs":true,"m_FxEnabled":true},"in2DMode":false,"pivot":{"x":0.2329723834991455,"y":0.11881569772958756,"z":0.9943168759346008},"rotation":{"x":-0.007108049932867289,"y":-0.15060879290103913,"z":-0.0010801295284181834,"w":0.988551139831543},"size":0.3639697730541229,"orthographic":false}