{"cameraMode":{"drawMode":0,"name":"Shaded","section":"Shading Mode"},"sceneLighting":false,"audioPlay":false,"sceneViewState":{"m_AlwaysRefresh":false,"showFog":true,"showSkybox":false,"showFlares":true,"showImageEffects":true,"showParticleSystems":true,"showVisualEffectGraphs":true,"m_FxEnabled":true},"in2DMode":false,"pivot":{"x":15.041906356811524,"y":0.5751289129257202,"z":17.234724044799806},"rotation":{"x":-0.02660837396979332,"y":-0.7690551280975342,"z":-0.03208041563630104,"w":0.6378685832023621},"size":1.6110684871673585,"orthographic":true}