{"cameraMode":{"drawMode":0,"name":"Shaded","section":"Shading Mode"},"sceneLighting":false,"audioPlay":false,"sceneViewState":{"m_AlwaysRefresh":false,"showFog":true,"showSkybox":false,"showFlares":true,"showImageEffects":true,"showParticleSystems":true,"showVisualEffectGraphs":true,"m_FxEnabled":true},"in2DMode":false,"pivot":{"x":-12.419068336486817,"y":-2.141486167907715,"z":-5.802860260009766},"rotation":{"x":-0.007809025701135397,"y":-0.6429559588432312,"z":-0.006546576041728258,"w":0.7658684253692627},"size":2.3444151878356935,"orthographic":true}