{"cameraMode":{"drawMode":0,"name":"Shaded","section":"Shading Mode"},"sceneLighting":false,"audioPlay":false,"sceneViewState":{"m_AlwaysRefresh":false,"showFog":true,"showSkybox":false,"showFlares":true,"showImageEffects":true,"showParticleSystems":true,"showVisualEffectGraphs":true,"m_FxEnabled":true},"in2DMode":false,"pivot":{"x":-4.343134880065918,"y":0.22399523854255677,"z":-1.0817384719848633},"rotation":{"x":0.004166582133620977,"y":-0.10484230518341065,"z":-0.00044364671339280903,"w":-0.9945111870765686},"size":2.9584968090057375,"orthographic":true}