{"cameraMode":{"drawMode":0,"name":"Shaded","section":"Shading Mode"},"sceneLighting":false,"audioPlay":false,"sceneViewState":{"m_AlwaysRefresh":false,"showFog":true,"showSkybox":false,"showFlares":true,"showImageEffects":true,"showParticleSystems":true,"showVisualEffectGraphs":true,"m_FxEnabled":true},"in2DMode":false,"pivot":{"x":-17.24662208557129,"y":0.9439176917076111,"z":15.169567108154297},"rotation":{"x":0.0008850512676872313,"y":0.6739121079444885,"z":0.0007956110639497638,"w":-0.738847017288208},"size":4.689111709594727,"orthographic":true}